SID,SNAME
1,Kushi Tsuru
2,Osakaya Restaurant
3,The Stinking Rose
4,McCormick & Kuleto's
5,Mifune Restaurant
6,The Cheesecake Factory
7,New Delhi Indian Restaurant
8,Iroha Restaurant
9,Rose Pistola
10,Alioto's Restaurant
11,Canton Seafood & Dim Sum Restaurant
12,All Season Restaurant
13,Bombay Indian Restaurant
14,Sam's Grill & Seafood Restaurant
15,2G Japanese Brasserie
16,Restaurant Lulu
17,Sudachi
18,Hanuri
19,Herbivore
20,Penang Garden
21,John's Grill
22,Quan Bac
23,Bamboo Restaurant
24,Burger Bar
25,Blu Restaurant
26,Naan 'N' Curry
27,Shanghai China Restaurant
28,Tres
29,Isobune Sushi
30,Viva Pizza Restaurant
31,Far East Cafe
32,Parallel 37
33,Bai Thong Thai Cuisine
34,Alhamra
35,A-1 Cafe Restaurant
36,Nick's Lighthouse
37,Paragon Restaurant & Bar
38,Chili Lemon Garlic
39,Bow Hon Restaurant
40,San Dong House
41,Thai Stick Restaurant
42,Cesario's
43,Colombini Italian Cafe Bistro
44,Sabella & La Torre
45,Soluna Cafe and Lounge
46,Tong Palace
47,India Garden Restaurant
48,Sapporo-Ya Japanese Restaurant
49,Santorini's Mediterranean Cuisine
50,Kyoto Sushi
51,Marrakech Moroccan Restaurant
52,Parallel 37
53,Starbelly
54,Brass Tacks
55,Lord Stanley
56,Top of the Mark
57,Pier 23
58,Plumed Horse
59,Everest
60,The Aviary
61,Rebar
62,Proxi
63,The Rosebud
64,The Signature Room
65,Goosefoot
66,Catch 35
67,Gemini
68,Blue Plate
69,Bones
70,Burger & Beer Joint
71,Catch of the Day
72,CRUST
73,Daily Grill
74,Full Moon
75,Garage Kitchen + Bar
76,Grubstake
77,Harvest Beat
78,Hot & Crusty
79,King and Queen
80,Lazy Bear
81,Mad for Chicken
82,Nightbird
83,Outlier
84,Rusty Pelican
85,Sea Spice
86,Stateside
87,The Capital Grille
88,The Deck
89,The Local Eatery
90,The Red Door
91,Tower 23 Hotel
92,Waterbar Restaurant
93,Wise Sons
94,5 Spot
95,A Salt & Battery
96,Brewed Awakening
97,Chart House
98,Crest Cafe
99,Double Decker
100,EPIC Steak
101,Foxsister
102,Golden Era
103,Halls Chophouse
104,Heirloom Cafe
105,Lattetude
106,Level III Restaurant
107,Mama’s Fish House
108,Nin Com Soup
109,Ozone
110,Rooftoop at E11EVEN
111,Skillet Counter
112,Stoneburner
113,Street Taco
114,The Egg & Us
115,The Incredible Cafe
116,The River Seafood
117,Townsend
118,Upland
119,Urban Remedy
120,Zero Restaurant
121,750 Restaurant
122,Bean Around the World Coffees
123,Blackbrick
124,Cafe Coyote
125,Chewy Balls
126,Crab Hut
127,Double Knot
128,Famous Lunch
129,Fog Harbor Fish House
130,Gaslamp Fish House
131,Hereford Grill
132,Hungry’s Kitchen & Tap
133,King Lee’s
134,Like No Udder
135,Marina Kitchen
136,Munch Box
137,My Dung
138,North Beach Restaurant
139,Opera Cafe
140,Queenstown Public House
141,Rocco’s Cafe
142,Six Seven Restaurant
143,Stomach Clinic Railways Restaurant
144,The Fishery
145,The Local House
146,The Table at Season To Taste
147,True Food Kitchen
148,Zero Zero
149,Award Wieners
150,Beaver Choice
151,Blue Collar
152,Butty Boys
153,California Pizza Kitchen
154,Chez Billy Sud
155,Conch it Up Soul Food
156,Filled of Dreams
157,Fishing With Dynamite
158,Golden Greek
159,Heritage Restaurant & Caviar Bar
160,Indigo Grill
161,Kinship
162,Le Parfait
163,Little Star Pizza
164,Market Restaurant and Bar
165,Momofuku Ko
166,Old Lisbon
167,Owen & Engine
168,Pita Pan
169,Quince
170,Sears Fine Food
171,The Big 4
172,The Bear & The Monarch
173,The Marine Room
174,The Patio
175,The Smoking Goat
176,Top of the Market
177,Zuma
178,13 Coins
179,Basic Kneads Pizza
180,Burger Lounge
181,Chops & Hops
182,Dragon Eats
183,Eight AM
184,En Thai Sing
185,Fiddler’s Green
186,Girl & the Goat
187,Jar + Fork
188,Juan in a Million
189,Lox Stock & Bagel
190,Meat U There
191,Old Town Mexican Cafe
192,One Market Restaurant
193,Pig’N Pancake
194,Planet of the Grapes
195,PM Fish & Steak House
196,Project Juice
197,Shaker + Spear
198,Smoque BBQ
199,Soon Fatt
200,Thai Tanic
201,The Chocolate Log
202,The Lost Kitchen
203,The Pink Door
204,The Purple Pig
205,Three…
206,Toro Toro Restaurant
207,3 Way Restaurant
208,Bite Me Sandwiches
209,Blue Mermaid
210,Burma Love
211,Cat Heads BBQ
212,Cutters Crabhouse
213,Eatmore Fried Chicken
214,Fishcotheque
215,Great Eastern Restaurant
216,Hillstone
217,Island Prime
218,Lettuce Eat
219,Little Sheep
220,Lord of the Fries
221,Metro Cafe
222,Ocean Star
223,Oasis Fried Chicken
224,Party Fowl
225,Peking Inn
226,Phat Phuc Noodle Bar
227,Pu Pu Hot Pot
228,Shuckers Restaurant
229,Single Shot
230,Staple & Fancy
231,Thai Me Up
232,Thai The Knot
233,The Chef in the Hat
234,The Golden Stool
235,The Poke Co.
236,The Slanted Door
237,Wok This Way
238,Bankers Hill
239,Barefoot Bar & Grill
240,Bask
241,Cloak & Petal
242,Corridor
243,Duke’s Seafood
244,Emerald Grill
245,Fog City
246,Green Leaf
247,Harbor House Restaurant
248,Hollywood Cafe
249,Just Falafs
250,Lionfish
251,Maza Grill Kabob
252,Mister A’s
253,Palomino
254,Poke Life
255,Rich Table
256,Season 53
257,Smyth
258,Spinasse
259,The French Gourmet
260,The Polo Bar
261,The View Lounge
262,Umami Burger
263,Vessel Restaurant
264,Zoës Kitchen
265,BJ’s Restaurant Brewhouse
266,BRIO Tuscan Grille
267,Cafe 21
268,City View Restaurant
269,Cosmopolitan Restaurant
270,Crabby Dick’s
271,Fare Start
272,Greens
273,Gringos Locos
274,Harbor City Restaurant
275,House of Blues
276,La Grotta
277,Metropolitan Grill
278,Rainforest Cafe
279,Rice House
280,Seaview Restaurant
281,Spruce
282,The House
283,The Inn
284,The Kitchen
285,The Melting Pot
286,The Mission
287,The Saddle River Inn
288,Tin Roof
289,Water Grill
290,Alinea
291,Barley Mash
292,Blunch
293,Boka
294,Cafe Provence
295,Coaster Saloon
296,Coppa
297,Firefly Restaurant
298,Geronimo
299,Goldfinch Tavern
300,Homestyle Hawaiian
301,Kum Den Bar & Restaurant
302,Maude
303,Next
304,Pinch Kitchen
305,Revelry Bistro
306,Seven Hills
307,Sotto
308,SPIN
309,Tanta
310,The Grove
311,The Old Spaghetti Factory
312,Toscana
313,Waterfront Restaurant
314,World Famous
315,XO Prime Steaks Pepper Pike
316,Tapas 218
317,Lolita - A Michael Symon Restaurant
318,Twiisted Bar & Grill
319,Ken Stewart's Tre Belle
320,Culinary Arts Restaurant
321,John Palmer's Bistro 44
322,The Wooster Inn
323,SASA
324,Spaghetti Warehouse - Akron
325,Bay Harbor
326,Mentor Harbor Yachting Club
327,The Overlook
328,LAGO Cucina Enotecca and Birreria
329,D'Agnese's at White Pond
330,Peachtree Southern Kitchen and Cocktails
331,Skye Bistro
332,Crush - Sandusky
333,Nighttown
334,North Coast Cafe
335,D.B.A.
336,Parallax Restaurant & Lounge
337,Pier W
338,DANTE
339,Shuhei
340,Crave - Akron
341,One Red Door
342,3 Point
343,247 Craven
344,Canape
345,Kimball's Kitchen
346,Yo Sake Downtown Sushi Lounge
347,Circa 1922
348,The Barn
349,The Wine Bistro - Upper Arlington
350,Eddie Merlot's - Columbus
351,Due Amici
352,Giammarco's
353,Trattoria Roma
354,Basi Italia
355,J. Alexander's - Columbus
356,Mr. Sushi - Dublin
357,Polaris Grill
358,Hinkley's
359,The Worthington Inn
360,Lindey's
361,M Restaurant
362,Gallerie Bar & Bistro
363,The Inn at Cedar Falls
364,Oscar's of Dublin
365,Montgomery Inn - Columbus
366,BD's Mongolian Grill – Dublin
367,Ella Restaurant + Bar
368,Hudson 29
369,Old Horseshoe Restaurant & Tavern
370,Mojo TaGO
371,The Top Steak House
372,Latitude 41
373,BD's Mongolian Grill - Easton
374,Columbus Fish Market - Grandview
375,Texas de Brazil - Columbus
376,Barcelona Restaurant & Bar
377,Rickshaw Thai
378,De Novo
379,Cooper's Hawk Winery & Restaurant - Columbus
380,Mitchell's Steakhouse - Columbus Downtown
381,Pizza Burg
382,Wolf's Ridge Brewing
383,Benihana - Columbus
384,Bel Lago
385,L'Antibes
386,The Melting Pot - Columbus
387,Red Hook Grill
388,The Wine Bistro - Clintonville
389,SideBar 122
390,Veritas Tavern
391,SPAGIO
392,The Dining Room - Columbus Easton
393,Hubbard Grille
394,Tucci's
395,Ciao Vino Italian Kitchen
396,Royal Ginger - Upper Arlington
397,Wine Bistro Westerville
398,BD's Mongolian Grill – Arena
399,Two Fish Bistro
400,Molly Woo's
401,Nicola Restaurant and Bar
402,Manifesto Tuscan Grato and Scotch Bar
403,Royal Ginger - Columbus
404,BRAVO Cucina Italiana - Columbus - Bethel Road
405,89 Fish and Grill
406,Buckeye Hall of Fame Grill
407,Bistro 2110 - The Blackwell Hotel
408,House of Japan - Polaris
409,Fin
410,Tony's Italian Ristorante
411,Cameron's American Bistro
412,Mezzo - Dublin
413,BRAVO Cucina Italiana - Columbus - Lennox
414,The Wine Guy Bistro-Gahanna
415,G. Michael's Bistro & Bar
416,The Pearl
417,Genji Japanese Steakhouse - Dublin
418,Union Cafe
419,Buca di Beppo - Columbus
420,Cutler's
421,Cantina Laredo - Columbus
422,Barrel 44 - Short North
423,BRAVO Cucina Italiana - Columbus - Crosswoods
424,Explorers Club
425,The Wine Bistro - Worthington
426,Moretti's of Arlington
427,House of Japan - Dublin
428,1808 American Bistro
429,Vittoria
430,Luce Nuovo
431,Genji Japanese Steakhouse - Reynoldsburg
432,The Patio on Guerra
433,Katz 21 Steak and Spirits
434,House. Wine. & Bistro
435,SALT
436,La Barataria
437,Local
438,Lefty's
439,Y.O. Ranch Steakhouse
440,Boxwood Tap & Grill
441,Neighborhood Services
442,Park Tavern - Dallas
443,Mi Dia From Scratch
444,Momo's Pasta Dallas
445,NAAN Sushi
446,Trio New American Cafe
447,Stephan Pyles
448,Villa O
449,State & Allen Kitchen + Bar
450,Fearing's
451,Pappas Bros. Steakhouse
452,The Bowen House
453,Olenjack's Grille
454,Abacus
455,Stay C's Kitchen
456,Cadot Restaurant
457,Marie Gabrielle Restaurant & Gardens
458,Urban Taco - Uptown
459,Palomino - Dallas
460,Silver Fox - Grapevine
461,McCusker’s Bistro & Lounge
462,The French Room
463,Dakota's Steakhouse
464,The Melting Pot - Dallas - Addison
465,The Old Warsaw
466,SÉR Steak+Spirits
467,The Capital Grille - Dallas - Uptown
468,Bob's Steak & Chop House - Dallas on Lamar
469,Nonna - Dallas
470,Whiskey Cake
471,Mercy Wine Bar
472,Prime
473,Rafain Brazilian Steakhouse
474,The Capital Grille - Plano
475,Steve Fields Steak and Lobster Lounge
476,Queenie's Steakhouse
477,Randy's Steakhouse
478,Salum Restaurant
479,Café 43
480,Knife
481,Shinjuku Station
482,Mignon - Prime Steaks Seafood and Cocktails
483,Spaghetti Warehouse - Arlington
484,Triniti at Tower Club
485,Dee Lincoln Steak & Burger Bar - Dallas
486,Savor
487,Grand Met
488,III Forks - Dallas
489,Maple Manor
490,CBD Provisions
491,Ai Sushi Sake Grill
492,Pacific Table
493,Texas
494,Driftwood
495,Table 13
496,The Classic Cafe at Roanoke
497,Gemma
498,Sambuca - Plano
499,Bite City Grill
500,Kennedy Room
501,FT33
502,Dallas Chop House
503,LARK on the Park
504,Cafe Malaga
505,Smyth
506,Humperdinks - Arlington
507,Bijoux
508,Buca di Beppo - Mesquite
509,Primebar
510,Nola Grill
511,Cook Hall - Dallas
512,Hibiscus
513,Meso Maya - Preston Forest
514,Mexican Sugar
515,Mercat
516,Simply Fondue - Ft Worth
517,Table and Tavern
518,R Bar & Grill Arlington
519,Ivy Kitchen
520,NHS Bar & Grill
521,Texas de Brazil - Addison
522,Benihana - Plano
523,Kenichi - Dallas
524,Blu
525,Seasons 52 - Plano
526,Rafain Brazilian Steakhouse
527,TruFire Kitchen & Bar - Southlake
528,Taco Diner Addison
529,Oak
530,Avanti Ristorante
531,Mi Cocina - Legacy
532,Henry's Tavern - Plano
533,Zio Cecio
534,Spoon Bar & Kitchen
535,Crumbzz
536,Piccolo Mondo
537,Wild Salsa
538,Le Bilboquet - Dallas
539,TEI-AN
540,Sevy's Grill
541,Kobe Steaks - Dallas
542,Texan Station at the Gaylord Texan
543,Sushi Zushi of Southlake
544,Kenny's Smoke House
545,Braza Dancante
546,Lazaranda Modern Kitchen & Tequila
547,Texas de Brazil - Dallas
548,RA Sushi Bar Restaurant - Plano
549,Souk at Trinity Groves
550,Turkish Cafe and Lounge
551,Ruchi Palace - Plano
552,The Cedars Social
553,Komali Restaurant
554,24 Plates
555,Baboush
556,Stampede 66
557,San Salvaje
558,Proof & Pantry
559,Howard Wang's Uptown China Brasserie
560,Remington's Seafood Grill
561,Buca di Beppo - Park Lane
562,Winewood
563,Posados Cafe - Plano
564,Barter
565,Asador
566,Pakpao Thai Food
567,Maggiano's - Willow Bend
568,Sambuca - Dallas Uptown
569,Zodiac at Neiman Marcus – Downtown Dallas
570,Misto Bistro
571,Saint Ann Restaurant and Bar
572,DISH - Dallas
573,Benihana - Dallas
574,Dream Cafe
575,Dallas Fish Market
576,Cast Iron at the Omni Fort Worth
577,Buca di Beppo - Southlake
578,Edoko Sushi
579,Kenny's Italian Kitchen
580,Texas Spice
581,Artin's Grill
582,Jaxx Steakhouse
583,Ziziki's - N. Dallas
584,Roy's Plano
585,Ziziki's -  Plano
586,Meddlesome Moth
587,RockIsland (Demo/Test)
588,Ragnars
589,Downing Street Grill
590,TAG
591,Rio Grande - Frisco
592,Tempranillo
593,Square Grouper
594,Banzai Sushi
595,Atticus
596,Bramble & Hare
597,Tapas D Jerez
598,Flavor Telluride
599,Gaia Bistro
600,Izakaya Den
601,Beatrice & Woodsley
602,Talay Grille
603,Table 6
604,Deno's Mountain Bistro
605,Ember
606,Atwater on Gore Creek
607,Gumbos
608,Hapa Sushi Grill and Sake Bar Lodo
609,Haymaker Patio & Grill
610,Carmine's On Penn
611,Kona Grill - Denver
612,Kachina Southwestern Grill
613,Little India Restaurant - Belmar
614,Buffalo Wild Wings Bar and Grill
615,East by Southwest
616,ELWAY'S Downtown
617,Low Country Kitchen
618,Colterra
619,Twin Owls Steakhouse
620,Firenze a Tavola
621,Beano's Cabin
622,Blue River Bistro
623,Bol Restaurant
624,Mercantile Dining and Provision
625,Jose Muldoon's
626,Sushi Den
627,Terra Bistro
628,Flatz
629,Buon Appetito
630,The Perfect Landing
631,Brook's Steak House & Cellar
632,Keystone Ranch Restaurant
633,Starlight Dinners at TenMile Station
634,Village Tavern Broomfield
635,P17
636,The 9th Door - Beauvallon
637,The Table Top
638,Lake Terrace - The Broadmoor
639,The Nickel - Hotel Teatro
640,The Populist
641,The Fort
642,Mateo
643,Boulder ChopHouse & Tavern
644,Boulder Cork
645,Game Creek Restaurant
646,Der Fondue Chessel
647,Sweet Basil
648,Duo Restaurant
649,Denver Chophouse
650,Four Points
651,SaddleRidge
652,Limelight Supper Club & Lounge
653,Rio Grande - Ft. Collins
654,Thirsty Lion - Denver
655,McLoughlin's Restaurant & Bar
656,El Moro Spirits & Tavern
657,Mirabelle Restaurant
658,Briar Rose Chophouse & Saloon
659,Ship Tavern at the Brown Palace
660,Kelly Liken
661,Larkspur Restaurant & Bar
662,Fresh Fish Co.
663,Alpenglow Stube
664,Great Northern
665,Palettes at the Denver Art Museum
666,The Capital Grille - Denver
667,Morton's The Steakhouse - Denver
668,Western BBQ
669,Cafe Mercato
670,Volcano Asian Cuisine
671,Phantom Canyon Brewing
672,Dorchester Social Eatery
673,Bent Fork Grill - Loveland
674,The Keg Steakhouse + Bar
675,Matsuhisa - Aspen
676,Ski Tip Lodge
677,Carlos' Bistro
678,Solera Restaurant & Wine Bar
679,Cuvee World Bistro
680,Element 47
681,1515 Restaurant
682,Bistro Vendome
683,Hearthstone Restaurant
684,Landry's Seafood House - Denver
685,range
686,221 South Oak Bistro
687,Ale House @ Amato's
688,The Curtis Club
689,DiFranco's
690,Elway's Cherry Creek
691,Rio Del Sol
692,Fruition Restaurant
693,Altitude Restaurant - Hyatt Regency Denver
694,Palm Restaurant - Denver
695,Canyon Chop House
696,BRASSERIE TEN TEN
697,Plato's Restaurant
698,Maggiano's - Denver South
699,Left Bank Restaurant
700,Second Home Kitchen & Bar
701,Sullivan's Steakhouse - Denver
702,Locanda Del Borgo
703,Ajax Tavern
704,Vines Wine Bar
705,Flagstaff House
706,Cucina Colore
707,Restaurant Fourteen Seventy Two
708,Black Cat
709,Max Gill and Grill
710,The Summit Steakhouse
711,Brexi
712,North - Denver
713,Ya Ya's Euro Bistro
714,La Tour
715,Vista at Arrowhead
716,Gabriel's Restaurant
717,Venice Ristorante & Wine Bar
718,Comida - Longmont
719,Luca
720,Glaze by Sasa
721,Tamayo Restaurant
722,Ambli Gourmet Eatery & Wine
723,Meritage at the Omni Interlocken Resort
724,Ellyngton's at the Brown Palace
725,Vail Chophouse
726,Briarhurst Manor
727,The Village Table
728,Honga's Lotus Petal
729,The Front
730,Juniper Restaurant
731,Gashouse Restaurant
732,Spago - Bachelor Gulch
733,Chimney Park
734,Keys on the Green
735,McCormick's Fish House - Denver
736,Mizuna
737,La Fondue
738,Modis
739,Citron Bistro
740,Harwigs
741,Sugarbeet
742,Prime Steakhouse
743,The Blue Star
744,The Corner Office Restaurant and Martini Bar Denver
745,Maggiano's - Denver Pavilions
746,Cafe Prague
747,La Marmotte
748,Cafe Aion
749,The Metropolitan Grill
750,iFish Japanese Grill & Sushi Bar
751,Lancelot Restaurant
752,L'ATELIER - Boulder
753,Trecento Quindici Decano
754,Vesta Dipping Grill
755,Maxwell's Steakhouse
756,Trapper's Chop House
757,Il Posto
758,Russell's
759,La Bottega - Vail
760,Guard & Grace
761,Punch Bowl Social Denver
762,The Kitchen - Fort Collins
763,Afternoon Tea at the Brown Palace
764,Campo de Fiori - Vail
765,Rialto Cafe
766,Leonora
767,Palace Arms at the Brown Palace
768,Zengo
769,La Bella Vita
770,Vin48 Restaurant Wine Bar
771,Cedar Creek Pub
772,Rio Grande - Denver
773,Corridor 44
774,15Fifty - Sheraton - Starwood
775,Coral Room Highlands
776,Rev
777,Pepi's Restaurant & Bar
778,Simms Steakhouse
779,Volta Mediterranean Restaurant
780,Tajine Alami
781,The SteakHouse
782,Elway's Vail
783,Spruce Farm & Fish
784,Black Hat Cattle Co.
785,Bistro Barbes
786,Cosmopolitan - Telluride
787,Soko Sushi & Sake bar
788,Grappa Italian Bistro
789,Comida - Denver
790,Hooked
791,Palmyra at The Peaks
792,Namaste India
793,La Cave Wine Bar & Boutique
794,Kevin Taylor's At The Opera House
795,Cafe Terra Cotta
796,Zeno Aspen
797,E3 Chophouse
798,Lower48 Kitchen
799,Los Chingones
800,Root Down
801,The Berkshire
802,Black Pearl Restaurant
803,Ken & Sue's
804,The Wild Fig
805,Eolus Bar & Dining
806,The Dredge Restaurant
807,Indulge French Bistro by William Wahl
808,Castle Peak Grille
809,Hapa Sushi Grill & Sake Bar - Cherry Creek
810,Bones
811,Jay's Bistro
812,Table Mountain Grill and Cantina
813,Pikkas
814,Lime an American Cantina
815,Town
816,8100 Mountainside Bar & Grill
817,The Exchange Tavern
818,J. Alexander's - Denver
819,Frasca Food and Wine
820,MacKenzie's Chop House
821,Trinity Grille
822,Argyll Whisky Beer
823,Acorn
824,Tabernash Tavern
825,bb's
826,La Biblioteca
827,Sonterra Grill
828,Jax Fish House - Glendale
829,Ludwig's
830,Ore House - Durango
831,Stoic & Genuine
832,Lucky Strike Lanes - Belmar
833,100% Mexicano Restaurant
834,Luke's A Steak Place
835,Ocean Prime - Denver
836,Steak House No. 316
837,Prospect
838,Swiss Chalet
839,100% de Agave
840,Matsuhisa - Vail
841,Jimmy's Urban Bar & Grill
842,Allegria
843,Beaver Creek Chophouse
844,Wazee Supper Club
845,Toscanini
846,Rice Bistro and Sushi
847,Epernay
848,Up The Creek
849,Tiller's Kitchen & Bar
850,Montauk Seafood Grill
851,Hazie's
852,Summit - The Broadmoor
853,Beast and Bottle
854,Parma Trattoria Mozzarella Bar
855,Wine Experience Cafe and World Cellar
856,Ristorante Lo Stella
857,Hoffbrau Colorado
858,The Squeaky Bean
859,EDGE Restaurant & Bar
860,Play at The Broadmoor
861,Root25 Taphouse & Kitchen
862,TAG / Burger and Bar at Madison Street
863,Yanni's
864,The Kitchen - Boulder
865,The Bistro at Marshdale
866,Delvickios Superior
867,Seasons of Durango
868,Yama
869,Hideaway Steakhouse
870,Ricard
871,Caspian Cafe
872,Flame Restaurant
873,Asti D' Italia
874,La Loma
875,Machete Tequila + Tacos - Lodo
876,Pi Restaurant + Bar
877,Session Kitchen
878,The Lord Gore Restaurant
879,Marlowe's
880,The Post Brewing Company & GoodBird Kitchen
881,Pepper Tree Restaurant
882,Seven Rivers Steaks Seafood and Spirits
883,Black Bear Grill
884,Jimmy's An American Restaurant & Bar
885,Hotel Boulderado Special Events
886,The Snowmass Kitchen - Starwood
887,Oceanaire Seafood Room - Denver
888,Walter's Bistro
889,Rocks Modern Grill at Beaver Creek Lodge
890,Justice Snow's
891,Mountain Standard
892,Via Toscana
893,Fleming's Steakhouse - Denver
894,Kenichi Aspen
895,Cliff House at Pikes Peak
896,Colorado Mountain Brewery
897,Helga's German Restaurant & Deli
898,Tuscany Tavern
899,Bistro Fourteen
900,The Woodcellar Bar & Grill
901,La Taverne - The Broadmoor
902,Mesquite Grill
903,West Flanders Brewing
904,Wildflowers Restaurant
905,Paravicinis Italian Bistro
906,Kinga's Lounge
907,Jax Fish House - Denver
908,Casa Tua Aspen
909,Carl's Tavern
910,The Dunraven Inn
911,the plimoth
912,Ritz Grill
913,The Village Cork
914,The Buffalo Restaurant and Bar
915,Bighorn Bistro and Bar
916,Ranch House Restaurant at Devil's Thumb Ranch
917,Ace Eat Serve
918,McCormick & Schmick's Seafood - Denver
919,Amerigo Delicatus Restaurant & Market
920,New Peach Garden Chinese Restaurant
921,Chinook Tavern - Denver Tech Center
922,9380
923,Mirador - Lodge at Cordillera
924,The Kitchen - Denver
925,Panzano
926,Midland Depot at the Imperial Hotel
927,Colt & Gray
928,Ruth's Chris Steak House - Denver
929,Arugula Ristorante
930,Chefs Club Aspen - St. Regis Aspen
931,Pizza Republica - Denver Downtown
932,Limon
933,The Empire Lounge and Restaurant
934,Axios
935,The Briarwood Inn
936,The Social
937,Rex's American Grill and Bar
938,Bacchanale
939,The Winery Restaurant
940,Westside Cafe
941,Tavern on the Gore
942,Delizios
943,Shells and Sauce
944,Cheeky Monk Belgian Beer Cafe
945,Texas de Brazil - Denver
946,Damascus Grill
947,Heck's at Devil's Thumb Ranch
948,Sunbird
949,Zino Ristorante
950,Mangiamo Pronto
951,India's Kitchen
952,Fadó Irish Pub & Restaurant-Denver
953,Jax Fish House - Fort Collins
954,Greenbriar Inn The
955,India's Best Restaurant & Bar
956,The Margarita At Pine Creek
957,Hodson's Bar and Grill - Denver
958,Harman's Eat & Drink
959,Fiestas Cafe & Cantina
960,Shanahan's Steakhouse
961,Gaetano's
962,Sow's Ear
963,Satchel's on 6th
964,Balata
965,cafebar
966,Basta
967,Vinue Wine Bar
968,Lola - Denver
969,Rioja
970,Piatti - Denver
971,Maya
972,West 29th
973,Benihana - Denver
974,Martini's Bistro
975,Grappa Bistro
976,Vita
977,Linger
978,The Cabin
979,Coohills
980,LoHi Steakbar
981,Appaloosa Grill
982,Springs Orleans
983,Mezcal Denver
984,Bittersweet
985,Avenue Grill - Denver
986,Hapa Sushi Grill & Sake Bar - Pearl St. Boulder
987,The 10th
988,The Rabbit Hole
989,Lena
990,Yak & Yeti
991,Pizzeria Locale
992,Buca di Beppo - Broomfield
993,Assignments
994,First Chair - Vail Marriott
995,Riffs
996,Blue Spruce Inn
997,PASTAVINO
998,Bistro Al Vino
999,Wynkoop Brewing Company
1000,Little India Restaurant - 6th Ave
1001,Azitra - Broomfield
1002,Zolo Grill
1003,Blue Plate
1004,Sushi Sasa
1005,The Belvedere Restaurant
1006,BaRed
1007,Siena at The Courtyard
1008,Ristorante Ti Amo
1009,The Weber
1010,Laundry
1011,Bridgewater Grill @ The Golden Hotel
1012,Little India Restaurant - Downtown
1013,Willie G's - Denver
1014,Euclid Hall
1015,Trillium
1016,Flights Wine and Coffee - A Wine Cafe
1017,Japango Sushi Restaurant
1018,Oak at fourteenth
1019,Freshcraft
1020,Silverheels Bar and Grill
1021,Walnut Brewery
1022,Barolo Grill
1023,Bombay Clay Oven
1024,Machete Tequila + Tacos
1025,Uniscali Modern Italian
1026,The Mahogany Grille at the Strater Hotel
1027,Mt. Fuji Japanese Steakhouse
1028,Sonny Lubick Steakhouse
1029,SALT - Boulder
1030,The Mediterranean
1031,Nosh
1032,Bastien's Restaurant
1033,Charcoal Restaurant
1034,Afternoon Tea at the Briarwood Inn
1035,Aquarium Restaurant - Downtown Denver
1036,Dagabi Cucina
1037,Cultivate
1038,24Grille
1039,TORINO
1040,NOVI Chophouse
1041,PRISM
1042,El Barzon
1043,Lena
1044,Cuisine
1045,Daily Post
1046,Cliff Bell's
1047,Fountain Bistro
1048,Sava's
1049,Santorini
1050,The Black Pearl
1051,Easy Bistro
1052,Beast and Barrel
1053,Vaudeville Cafe
1054,Citico's
1055,Club LeConte
1056,Terramae
1057,Cafe 4
1058,Bistro 109
1059,Hennen's
1060,The Orangery
1061,Lago del Pino
1062,Kiepersol Enterprises
1063,Anson11
1064,Kona Grill - El Paso
1065,Nuovo Cappetto
1066,Café Central
1067,Geogeske
1068,Geske's Fire Grill
1069,The Pot Au Feu
1070,Cafe Grille
1071,MovieLounge
1072,Bordinos
1073,James at the Mill Restaurant
1074,Theo's Steak
1075,Meiji Japan Cuisine
1076,Campagnia
1077,Lime Lite
1078,J&R Tacos
1079,Cafe 225
1080,Verona Cucina Italiana
1081,Cellar Door
1082,Max's Bistro & Bar
1083,Five Restaurant
1084,Bistro 234
1085,The Beach Club Restaurant
1086,Chief's Luau
1087,Tommy Bahama's Restaurant & Bar - Wailea Maui
1088,Restaurant Suntory
1089,The Signature Prime Steak & Seafood
1090,Da Smokehouse
1091,Kamuela Provision Co.
1092,Ruth's Chris Steak House - Wailea
1093,Taormina Sicilian Cuisine
1094,Original Roy's Hawaii Kai
1095,Longhi's - Lahaina
1096,Giovanni Pastrami
1097,Gannon's
1098,Top of Waikiki
1099,Kula Lodge & Restaurant Inc.
1100,DUO - Steak & Seafood
1101,Jimmy Buffett's Waikiki
1102,Gyu-Kaku - Kapiolani
1103,BLT Steak - Waikiki
1104,Town
1105,Oasis
1106,Luau at Royal Kona Resort
1107,Legends Terrace Dining Buffet
1108,Ruth's Chris Steak House - Waikiki Beach Walk
1109,Side Street Inn Kapahulu
1110,Fish Hopper - Kailua-Kona
1111,To Thai For
1112,Mulligans on the Blue
1113,Wolfgang's Steak House - Waikiki Beach 
1114,Shore Bird Restaurant & Beach Bar
1115,Kimo's Restaurant Maui
1116,Azure - The Royal Hawaiian
1117,Nobu Waikiki
1118,Chef Mavro
1119,Mauna Kea - Luau
1120,Hawaii Prince - Hakone
1121,Sushi Sasabune Hawaii
1122,Lava Lava Beach Club
1123,Azul
1124,ONE FORTY
1125,Hilo Bay Cafe
1126,Grown – A Restaurant for the Community
1127,DK Steak House
1128,Capische
1129,Kona Kai Sushi
1130,The Dining Room - Four Seasons Lanai
1131,Ruth's Chris Steak House - Downtown Honolulu
1132,Roy's Waikiki
1133,Beachhouse - Moana Surfrider
1134,Luau - Grand Hyatt
1135,Star of Honolulu - Five Star
1136,Mama's Fish House
1137,South Pacific Dinner Theatre
1138,Tahiti Nui - Luau
1139,Sugar Cane Maui
1140,Hapuna - Special Events
1141,Michel's at the Colony Surf
1142,Island Breeze Luau at the King Kamehameha Hotel
1143,Alan Wong's Restaurant
1144,Star of Honolulu - Premier Whale & Lunch
1145,Kai Market - Sheraton Waikiki
1146,Aulii Luau
1147,Kauai Grill - St. Regis - Hawaii
1148,Alan Wong’s Amasia - Grand Wailea - Waldorf Astoria
1149,Roy's Poipu Bar & Grill
1150,Norio's - The Fairmont Orchid - Kohala Coast
1151,Bistro Molokini - Grand Wailea - Waldorf Astoria
1152,Ushio-tei
1153,Longhi's - Wailea
1154,Hiroshi Eurasion Tapas
1155,MALA - Wailea Beach Marriott  Resort
1156,Dazoo
1157,Lahaina Grill
1158,53 by the Sea
1159,The Modern Honolulu
1160,Hukilau Lanai
1161,Luau - Royal Lahaina Resort
1162,La Mer at Halekulani
1163,Nobu Lanai - Four Seasons Lanai
1164,Hapuna-Hakone
1165,Maui Thai Bistro
1166,Gaylord's at Kilohana
1167,Ka 'Ikena Restaurant at Kapiolani Community College
1168,Hapuna-Ocean Terrace
1169,P. F. Chang's - Waikiki
1170,Huggo's
1171,Hula Grill - Waikiki
1172,Sarento's Top of the “I”
1173,The Tavern - Kauai
1174,Kan Zaman
1175,MATTEO'S OSTERIA
1176,Son'z Steakhouse
1177,Pineapple Grill at Kapalua
1178,Hy's Steak House - Waikiki
1179,Hau Tree Lanai
1180,Sushi Yuzu - Ko'olina
1181,Three Fat Pigs
1182,Mi's Italian Bistro
1183,Mariposa at Neiman Marcus - Ala Moana
1184,12th Ave. Grill
1185,Bills Sydney
1186,Wai'oli Tea Room
1187,Bali Steak & Seafood
1188,Daylight Mind Coffee Company
1189,Morimoto - Maui
1190,Hawaii Calls - Marriott Waikoloa
1191,Koa's Seaside Grill
1192,Merriman's - Kapalua Maui
1193,Ka'ana Kitchen at Andaz Maui
1194,Naupaka Terrace
1195,MW Restaurant
1196,Ko at The Fairmont Kea Lani
1197,The Terrace - Four Seasons Lanai
1198,Gyotaku - King St.
1199,Fleetwood's On Front St.
1200,Keoki's Paradise
1201,Josselin's Tapas Bar and Grill
1202,Cafe Miro
1203,Roy's Ko'Olina
1204,Oceanarium Restaurant
1205,Morimoto Waikiki
1206,Prima
1207,Maui Fish and Pasta
1208,Ocean Pool Bar & Grill - Westin Kaanapali Ocean Resort Villas
1209,Yuzu Ala Moana
1210,Merriman's – Waimea – Big Island
1211,Nanea Restaurant and Bar
1212,Sansei Seafood Restaurant & Sushi Bar - WAIKIKI Oahu
1213,Vino Italian Tapas & Wine Bar
1214,Buzz's Original Steakhouse
1215,VIEWS - Four Seasons Lanai
1216,Imari A La Carte Dining - Hilton Waikoloa Village
1217,Honu Seafood and Pizza - Lahaina
1218,Dondero's - Grand Hyatt Kauai
1219,Duke's Kauai
1220,Japengo - Maui
1221,Ferraro's Bar e Ristorante Maui
1222,Sarento's on the Beach
1223,Sushi Bushido
1224,Gazen Izakaya
1225,The Veranda at the Kahala Resort
1226,Longhi's Ala Moana
1227,Pagoda Floating Restaurant
1228,Humuhumu - Grand Wailea
1229,5 Palms Restaurant
1230,Hoku's
1231,Il Lupino
1232,Wai’olu Ocean View Lounge
1233,Lahaina Fish Co.
1234,Ilima Terrace - Grand Hyatt Kauai
1235,Sushi Shiono
1236,Japengo - Waikiki
1237,Sansei Seafood Restaurant & Sushi Bar - WAIKOLOA Hawaii
1238,'Ulu Ocean Grill and Sushi Lounge
1239,Restaurant & Bar KO
1240,Haliimaile General Store
1241,Nick's Fishmarket Maui
1242,Kincaid's - Honolulu
1243,Monkeypod Kitchen - Ko Olina
1244,Charley's Restaurant & Saloon
1245,Saltimbocca
1246,Ocean House Restaurant
1247,Kai Sushi - The Ritz-Carlton Kapalua
1248,The Terrace Chef-Crafted - The Ritz-Carlton Kapalua
1249,Roy's Waikoloa Bar & Grill
1250,Fresco - Hilton Hawaiian Village
1251,The Pineapple Room by Alan Wong
1252,Grand Dining Room - Grand Wailea - Waldorf Astoria
1253,Kobe Japanese Steak House Maui
1254,Casa di Amici
1255,Black Rock Steak & Seafood
1256,Kono's on the Green
1257,Fu Lin Seafood Chinese Restaurant
1258,Mac 24/7 Bar & Restaurant
1259,Rita's Steak & Fish House
1260,Gerard's Restaurant Maui
1261,Stage Restaurant Hawaii
1262,Rays on the Bay
1263,Roy's - Kaanapali
1264,Chart House - Waikiki
1265,Kailani
1266,Cactus
1267,Sale Pepe
1268,Eggs 'N Things
1269,Mala Ocean Tavern - Lahaina
1270,Keei Cafe
1271,W Bistro at 1010
1272,Kupanaha (Ka'anapali Dinner Theater)
1273,Seoul Jung - Waikiki Resort Hotel
1274,Pa'akai (FKA: Twenty One Degrees North)
1275,Kenichi Pacific
1276,Hapuna-Coast Grille
1277,Tidepools - Grand Hyatt Kauai
1278,Merriman's - Poipu
1279,Orchids at Halekulani
1280,Miyako Japanese Restaurant
1281,SHOR American Seafood Grill at Hyatt Waikiki
1282,Cane & Canoe - Montage Kapalua Bay
1283,Monstera Noodles & Sushi
1284,Honu's on the Beach Restaurant
1285,Ryan's Grill
1286,Kalaheo Steak and Ribs
1287,Imari Teppanyaki - Hilton Waikoloa Village
1288,Don the Beachcomber - Royal Kona Resort
1289,Mimasuya Italiano of Kyoto
1290,Lanai City Grille
1291,Beach Tree at the Hualalai
1292,Makana Terrace - St. Regis - Hawaii
1293,Sam Choy's Kai Lanai
1294,Pulehu an Italian Grill
1295,Pacific'O
1296,Ola at Turtle Bay
1297,Odoriko Restaurant
1298,Tortilla Republic
1299,Cafe Portofino - Marriott Kauai
1300,The Plantation House Restaurant
1301,Mediterranean Gourmet
1302,Shokudo - Honolulu
1303,Cafe Pesto - Kawaihae Harbor
1304,Kauai Ono
1305,The Grove - Kailua
1306,Rokkaku Ala Moana
1307,Baci Bistro
1308,Brasserie Du Vin
1309,Leilani's on the Beach - Kaanapali
1310,Formaggio Grill Kailua
1311,Leis Family Class Act Restaurant
1312,Bistro Casanova
1313,Blue Dragon Restaurant
1314,Pizzetta in Old Koloa Town
1315,Duke's Beach House Maui
1316,Plumeria Beach House
1317,Restaurant Epic
1318,Joe's Bar & Grill
1319,Cafe Pesto - Hilo Bay
1320,Kauai Pasta Kauai
1321,Casanova Makawao
1322,Buca di Beppo - Honolulu
1323,North Shore Kula Grille
1324,Plantation Gardens
1325,Market Fresh Bistro
1326,Tiki's Grill & Bar
1327,Grand Cafe & Bakery
1328,Island Lava Java Bistro
1329,Hula Grill - Kaanapali
1330,Tiki Terrace (Ka'anapali Beach Hotel)
1331,Monkeypod Kitchen - Wailea
1332,Three's Bar & Grill
1333,Manoli's Pizza Company
1334,Cafe Sistina
1335,Kaunaoa Bar & Grill
1336,D'Amico's Italian Market Cafe - Katy
1337,Ibiza Food and Wine Bar
1338,The Capital Grille - Houston - CityCentre
1339,Perry's Steakhouse & Grille - Champions
1340,Post Oak Grill
1341,Churrascos - River Oaks
1342,Seasons 52 - Westheimer
1343,Palm Restaurant - Houston
1344,Mascalzone
1345,The Capital Grille - Houston
1346,Tony Mandola's
1347,Churrascos - Westchase
1348,Kona Grill - Houston
1349,Antica Osteria
1350,Preview
1351,Goode Co. Seafood - Katy Freeway
1352,Malibu Steak & Seafood
1353,Ouisie's Table
1354,Perry's Steakhouse & Grille - Cinco Ranch/Katy
1355,Rising Sun Sushi & Fusion Restaurant
1356,Radio Milano
1357,Fleming's Steakhouse - Houston Beltway
1358,Olympia Grill at Pier 21
1359,RDG + Bar Annie
1360,Gyu-Kaku - Houston
1361,Vic & Anthony's Steakhouse - Houston
1362,Brennan's of Houston
1363,Urban Kitchen
1364,Carmelo's Ristorante Italiano - Houston
1365,Buca di Beppo - Houston - Speedway
1366,Mainly Drinks
1367,Meal Masters
1368,Cullen's
1369,Ellen's Cafe
1370,Holley's Seafood Restaurant & Oyster Bar
1371,Museum Park Cafe
1372,Facon Brazilian Steakhouse
1373,Mi Cocina The Woodlands
1374,Fish & the Knife Sushi Bar
1375,Mo's a Place for Steaks - Houston
1376,Cyclone Anaya's - Rice Village
1377,Piatto Ristorante (Heights)
1378,Inn at Dos Brisas
1379,Américas - The Woodlands
1380,Morton's The Steakhouse - Houston - Galleria
1381,number 13
1382,Napoli Italian Galleria
1383,Truluck's Seafood Steak and Crab House - Houston
1384,McCormick & Schmick's Seafood - Houston
1385,Da Marco
1386,Fogo de Chao Brazilian Steakhouse - Houston
1387,Morton's The Steakhouse - Houston - Downtown
1388,Shula's Steak House - Hyatt Regency Houston
1389,Little Napoli Italian Grill & Bar
1390,Perry's Steakhouse & Grille - Clear Lake
1391,Cyclone Anaya's - CityCentre
1392,Mark's American Cuisine
1393,Pappas Bros. Steakhouse
1394,Riondo's Ristorante
1395,BCN Taste & Tradition
1396,The Kemah Steak Company
1397,The Pass
1398,Harvest Organic Grille – Westchase District
1399,Kabab Kahani
1400,Ruth's Chris Steak House - Houston
1401,Monarch @ Hotel Zaza
1402,Cyclone Anaya's - Midtown
1403,Sorrento Ristorante Italiano
1404,Reef
1405,McCormick & Schmick's Seafood - Houston - Downtown
1406,Kuu Restaurant
1407,Fish Tales
1408,The Dining Room @ The Woodlands Resort
1409,The Union Kitchen
1410,Birraporetti's
1411,Mockingbird Bistro
1412,Pax Americana
1413,Ristorante Cavour at the Hotel Granduca
1414,Kirby's Prime Steakhouse - The Woodlands
1415,Harold's @ Heights General Store
1416,Cyclone Anaya's -  Durham
1417,Saltwater Grill
1418,Tierra del Fuego
1419,Line & Lariat
1420,Nara Sushi and Korean Kitchen
1421,Sullivan's Steakhouse
1422,Churrascos - Champions
1423,Maggiano's - Houston
1424,Seasons 52 Houston City Centre
1425,Arcodoro - Houston
1426,Brady's Landing
1427,17 at The Sam Houston Hotel-Houston
1428,Paul's Kitchen
1429,Danton's Gulf Coast Seafood Kitchen
1430,Killen's Steakhouse
1431,Coppa Osteria
1432,Kona Grill - The Woodlands
1433,Jasper's - The Woodlands
1434,Gaido's Seafood Restaurant
1435,Merlion Restaurant
1436,Del Frisco's Double Eagle Steak House - Houston
1437,Mosset Grille & Wine Bar
1438,Eric's-Univ of Houston-Hilton College
1439,Grotto - Galveston - San Luis Resort
1440,Curry Bistro
1441,NOE GRILL at the Omni Houston Hotel
1442,Perry's Steakhouse & Grille - Sugar Land
1443,Claudio's Restaurant & Piano Bar
1444,Willie G's - Post Oak
1445,Etoile Cuisine Et Bar
1446,Bistro Lancaster @The Lancaster Hotel
1447,Red & White Wine Bistro
1448,Galvez Bar & Grill
1449,Lucille's
1450,Morton's Grille - The Woodlands
1451,51Fifteen Restaurant & Lounge
1452,Andalucia Tapas Restaurant & Bar
1453,Grotto - The Woodlands
1454,J. Alexander's - Houston
1455,Oceanaire Seafood Room - Houston
1456,Bob's Steak and Chop House - Woodlands
1457,60 Degrees Mastercrafted
1458,The Remington
1459,Texas de Brazil - Houston
1460,Masraff's
1461,Via Emilia - The Woodlands
1462,Quattro - Four Seasons Hotel - Houston
1463,Divino Italian Restaurant
1464,Napoli Italian Copperfield
1465,Eddie V's - West Ave
1466,The Union Kitchen (Memorial Dr)
1467,Lynn's Steakhouse
1468,Armandos
1469,Hughes Hangar
1470,Perry's Steakhouse & Grille - Memorial City
1471,Sal y Pimienta Kitchen
1472,Costa Brava Bistro
1473,Glass Wall
1474,La Fisheria
1475,Prima Pasta
1476,Cook & Collins
1477,The Pelican Club
1478,Rudy & Paco Restaurant & Bar
1479,Nelore Churrascaria Brazilian Steakhouse
1480,Lucio's BYOB & Grill
1481,III Forks - Houston
1482,The Springbok
1483,Osteria Mazzantini
1484,Olympia Grill - Seawall
1485,Churrascos - Memorial City
1486,MAX's Wine Dive Houston - Fairview St.
1487,Lucy Ethiopian Restaurant & Lounge
1488,Sparrow Bar + Cookshop
1489,Landry's Seafood House - The Woodlands
1490,Artista
1491,Julia's Bistro
1492,Tradicao Brazilian Steakhouse - Southwest Houston
1493,The Houston Club
1494,Brenner's Steakhouse on the Bayou
1495,The Melting Pot - Houston
1496,Sambuca Restaurant - Houston
1497,Fleming's Steakhouse - Houston
1498,Chi Japanese Cuisine
1499,Michelangelo's
1500,Provisions
1501,GenuWine Tasting Room
1502,Latin Bites
1503,La Bikina
1504,London Sizzler
1505,Chez Nous French Restaurant
1506,L'Olivier Houston
1507,The 43rd Restaurant & Lounge
1508,Grace's
1509,Frank's Americana Revival
1510,Up Restaurant
1511,RA Sushi Bar Restaurant - Houston CityCentre
1512,Eddie V's - City Centre
1513,Arturo's Uptown Italiano
1514,Benihana - Houston - Downtown
1515,The Blue Fish - Bayou
1516,Cimarron - Sheraton Houston Brookhollow Hotel
1517,Mia Bella Trattoria - Vintage Park
1518,Mia Bella Trattoria - Pavilions Downtown
1519,The Black Sheep Bistro
1520,Benihana - Houston
1521,Ray's Grill
1522,Trevisio
1523,Rainbow Lodge
1524,Piatto Ristorante (Galleria)
1525,Christie's Seafood & Steaks
1526,Sandtrap Grill
1527,Perry's Steakhouse & Grille - The Woodlands
1528,Piqueo Restaurante & Bar
1529,Napoli Italian Bellaire
1530,Vallone's
1531,La Casa del Caballo
1532,Mr. Peeples Houston
1533,Salé-Sucré
1534,Kiran's
1535,Shearns Seafood and Prime Steaks
1536,Brenner’s Steakhouse Katy Freeway
1537,Batanga
1538,Damian's Cucina Italiana
1539,Straits - Houston
1540,Peli Peli
1541,Bazille - Nordstrom - The Woodlands
1542,The Cafe - Hilton Americas Houston
1543,Nundini Chef's Table
1544,Tradicao Brazilian Steakhouse - Bay Area
1545,Crossroads at House of Blues - Houston
1546,Cafe Benedicte
1547,Artisans Restaurant
1548,Triniti
1549,The Tasting Room - Uptown Park
1550,The Tasting Room - Kings Harbor
1551,024 Grille
1552,Massa's Seafood Grill
1553,The Bird & The Bear
1554,Trattoria la Vigna
1555,The Federal Grill
1556,Benihana - The Woodlands
1557,Del Frisco's Grille - Houston
1558,Uni Sushi
1559,The M & M Restaurant & Bar
1560,Foundation Room House of Blues Houston
1561,Kubo's Sushi Bar & Grill
1562,Spindletop
1563,El Meson
1564,Georges Bistro
1565,The Devine Affair
1566,Harvest Organic Grille – Galleria
1567,Américas River Oaks
1568,Charivari
1569,Benihana - Sugar Land
1570,Larry Bruce Gardens
1571,Bistro N - Nordstrom Houston Galleria
1572,Omni Houston Hotel at Westside
1573,Nonno Tony's World Kitchen
1574,Olivette
1575,AURA Brasserie
1576,Bistro des Amis
1577,Mia Bella Trattoria - Main Street
1578,Lomonte's Italian Restaurant & Bar
1579,Cavatore Italian Restaurant
1580,The Union Kitchen (Bellaire)
1581,McCormick & Schmick's Town & Country Village
1582,Just Dinner
1583,Strata Restaurant and Bar
1584,Crisp. Wine Beer & Eatery
1585,Majorca Bistro & Tapas
1586,BLU - Restaurant & Lounge
1587,Grotto - Houston
1588,Ambrosia
1589,Schilleci's New Orleans Kitchen
1590,Mezzanotte Ristorante
1591,Main Restaurant
1592,Napoli Italian Restaurant Pasadena
1593,Brasserie Max & Julie
1594,Kris Bistro & Wine Lounge
1595,RA Sushi Bar Restaurant - Houston Highland Village
1596,Songkran Thai Kitchen
1597,El Real Tex Mex
1598,Tango & Malbec
1599,ARA restaurant at Royal Sonesta Hotel Houston
1600,Sorrel Urban Bistro
1601,Cyclone Anaya's - Woodway
1602,The Blue Fish - Washington
1603,The Tasting Room - CITYCENTRE
1604,Hearsay Gastro Lounge
1605,Buca di Beppo - The Woodlands
1606,Laurenzo's Restaurant
1607,Cafe du Bois
1608,Punk's Simple Southern Food
1609,D'Amico's Italian Market Cafe - Rice Village
1610,Churrascos-Sugar Land
1611,Table on Post Oak
1612,White Oak Kitchen + Drinks
1613,Mi Luna
1614,Fratelli's Ristorante
1615,Rio Ranch Steakhouse
1616,Ninfa's on Navigation
1617,The Grove
1618,Rattan Pan Asian Bistro and Wine Bar
1619,La Griglia - Houston
1620,La Brisa on the Creek
1621,Las Alamedas
1622,Greek Brothers Oyster Bar & Grill
1623,Crave Sushi
1624,Saint Lawrence Gridiron
1625,The Ram Restaurant
1626,Perry's Restaurant
1627,Red Feather Lounge
1628,The Cellar
1629,Ruth's Chris Steak House - Boise
1630,Kindness
1631,The Dish
1632,Berryhill & Co.
1633,Ketchum Grill
1634,State & Lemp
1635,Portneuf Grille & Lounge at the Riverside Inn
1636,Bella Aquila
1637,Rico's Authentic Italian
1638,Rice Contemporary Asian Cuisine
1639,Seasons Steakhouse
1640,Twigs Bistro & Martini Bar - Meridian
1641,36th Street Bistro
1642,The Melting Pot - Boise
1643,Restaurant Eighteen One at Eagle Hills Golf Course
1644,Cornerstone Bar and Grill
1645,Trail Creek Cabin
1646,Shanaz Home Kitchen Cuisine & Catering
1647,Backstage Bistro (at Village Cinema)
1648,Roundhouse
1649,Chandlers Steakhouse
1650,Zinc Restaurant
1651,Tavern at Bown Crossing
1652,Fork
1653,lock stock and barrel
1654,Taj Mahal Homestyle Indian and Pakistani Cuisine
1655,Asiago's
1656,Rendezvous
1657,Il Naso Ristorante Italiano
1658,Cottonwood Grille
1659,Kona Grill - Boise
1660,Enoteca
1661,Cafe Vicino
1662,Gnosh
1663,Georgia Reese's Southern Table & Bar
1664,Charbonos - Avon
1665,Bella Vita
1666,The Melting Pot - Castleton
1667,Capri Italian Restaurant - Indianapolis
1668,Plow & Anchor
1669,Eddie's Steak Shed
1670,Ocean Prime - Indianapolis
1671,Akira Japanese Hibachi Steakhouse
1672,Stone Creek - Noblesville
1673,Stone Creek - Plainfield
1674,Grazie! Italian Eatery
1675,Ruth's Chris Steak House - Mishawaka
1676,Morton's The Steakhouse - Indianapolis
1677,Revery
1678,Ruth's Chris Steak House - Indianapolis Northside
1679,1913 Restaurant
1680,Eddie Merlot's - Indianapolis
1681,Buca di Beppo - Downtown Indianapolis
1682,Stone Creek - Greenwood
1683,Petite Chou
1684,The Loft at Traders Point
1685,Prime 47 - Indianapolis
1686,Queen of Sheba
1687,Restaurant Tallent
1688,Recess
1689,Woochi Japanese Fusion & Bar
1690,Shula's Steak House - Indianapolis
1691,Boulder Creek - Brownsburg
1692,Adobo Grill - Downtown Indianapolis
1693,Maggiano's - Indianapolis
1694,The Ville Restaurant
1695,The Indiana Whiskey Company
1696,McCormick & Schmick's Seafood - Indianapolis
1697,Weber Grill - Indianapolis
1698,Grindstone Charley's - Speedway
1699,BARcelona Tapas - Indianapolis
1700,Dawson's On Main
1701,Henry’s Pub & Grill
1702,Siam Restaurant - Granger
1703,Harry & Izzy's - Downtown
1704,Palomino - Indianapolis
1705,Ruth's Chris Steak House - Indianapolis
1706,Binkley's Kitchen & Bar
1707,The Capital Grille - Indianapolis
1708,Union 50
1709,One South
1710,Joseph Decuis
1711,Eagle's Nest - Hyatt Regency Indianapolis
1712,Villa Macri Ristorante
1713,The District Tap
1714,Rohr's
1715,Meridian
1716,Eddie Merlot's - Fort Wayne
1717,BakerStreet
1718,Mo's A Place For Steaks - Indianapolis
1719,Napolese Pizzeria
1720,St. Elmo Steak House
1721,Mitchell's Fish Market - Carmel
1722,Shanghai LiL
1723,Kona Grill - Carmel
1724,Pacheco Winery on Third
1725,Ember Urban Eatery
1726,The Northside Social
1727,Janko's Little Zagreb
1728,Rick's Cafe Boatyard
1729,Miracle
1730,Grindstone Charley's - Rockville Rd
1731,Roma Ristorante
1732,Tegry Bistro - Fishers
1733,Late Harvest Kitchen
1734,Milano Inn
1735,Homestretch Steakhouse at Hoosier Park Racing & Casino
1736,Prime 47 - Carmel
1737,Grindstone Charley's - Lafayette
1738,Adelino's Old World Kitchen
1739,Legends of Notre Dame
1740,DeAngelo's
1741,R Bistro
1742,Cooper's Hawk Winery & Restaurant - Indianapolis
1743,Carolina Grill & Tap Room
1744,Grille 39
1745,The Gathering Bistro & Pub
1746,Sorin's
1747,Temper Grille
1748,Iaria's Italian Restaurant
1749,Courses Restaurant
1750,Oceanaire Seafood Room - Indianapolis
1751,La Margarita Restaurant & Bar
1752,Mediterra
1753,Cerulean - Indianapolis
1754,Daddy Jack's Restaurant & Bar
1755,Capri Italian Restaurant - Granger
1756,Matt the Miller's Tavern - Carmel
1757,Augustino's Italian Restaurant
1758,Zing Japanese Fusion
1759,Yesterday's Food & Spirits
1760,Skyline Club
1761,Almost Home Restaurant
1762,Bistro 310
1763,Siam Thai Restaurant
1764,Latitude 360 Indianapolis
1765,The Libertine Liquor Bar
1766,Tavern on South
1767,Cobblestone Grill
1768,Corner Wine Bar
1769,J. Razzo's 2
1770,J. Razzo's
1771,High Velocity - Indianapolis
1772,Pearl Bistro
1773,OAKLEYS bistro
1774,Matteo's Ristorante Italiano
1775,Market Table - The Alexander
1776,Peterson's
1777,Cerulean - Winona Lake
1778,Carmela's at Macri's
1779,Parkside Seafood House - Oyster Bar
1780,Champions Indianapolis
1781,Fujiyama Steak House of Japan
1782,The Emporium
1783,The Greek Islands Restaurant
1784,The Local Eatery & Pub
1785,Cafe Navarre
1786,Buca di Beppo - Greenwood
1787,The Jungle Restaurant
1788,A. Michael's
1789,Dawson's Too - Sticks & Stones
1790,Benihana - Indianapolis
1791,The Gas House
1792,Agaves Mexican Grill
1793,The Mark Dine & Tap
1794,Grindstone Charley's - Kokomo
1795,Parky's Smokehouse
1796,La Scala Italian Restaurant
1797,Arni's Greenwood
1798,La Torre Mexican Grill
1799,Topo's 403
1800,Charleston's Restaurant - Castleton
1801,Stone Creek - Zionsville
1802,Buca di Beppo - Castleton Square
1803,Harry & Izzy's - Northside
1804,Historic Broadway Hotel & Tavern
1805,TW Fable
1806,Club Soda
1807,Rock Bottom Brewery - Indianapolis
1808,LaSalle Grill
1809,Chapman's Restaurant
1810,Vera Mae's Bistro
1811,Iozzo's Garden of Italy
1812,Steakhouse at Indiana Grand Racing & Casino
1813,Arni's Restaurant River Ridge
1814,Chef Mike's Charcoal Grill
1815,Mesh Restaurant
1816,Noah Grant's Grill House and Oyster Bar
1817,Hour Time
1818,Osteria Pronto
1819,Canal Bistro - Mediterranean Grill
1820,FARMbloomington
1821,Ciao By Villaggio
1822,The Class Act
1823,Formosa
1824,Vinny Vanucchi's 'Little Italy' - Dubuque
1825,Joseph's Steakhouse of Iowa City
1826,Django Restaurant
1827,Main + Abbey - Hard Rock Hotel & Casino Sioux City
1828,Centro Restaurant
1829,The Iowa Chop House
1830,Barley & Rye
1831,Givanni's
1832,801 Chophouse – Des Moines
1833,Raccoon River Brewing Company
1834,Malo
1835,Splash Seafood Bar and Grill
1836,350 First - Doubletree Hilton
1837,Red Crow Grille
1838,Woodfire Grille at Diamond Jo - Northwood
1839,Louie's Wine Dive - Des Moines
1840,Woodfire Grille at Diamond Jo - Dubuque
1841,DJ's Steakhouse-Jumers Casino and Hotel
1842,The Gramercy Tap
1843,Fleming's Steakhouse - Des Moines
1844,Bass Street Chop House
1845,Americana - Des Moines
1846,Main Street Steak and Chop House
1847,Mezzodi's
1848,L. May Eatery
1849,Takanami
1850,Restauration
1851,Zins Restaurant
1852,Pizzeria Caldera
1853,The Restaurant at The Cakebread Ranch Wyoming
1854,Rendezvous Bistro
1855,Wild Sage @ The Rusty Parrot Lodge
1856,The Handle Bar
1857,Alpenrose at the Alpenhof Lodge
1858,Firenze Italian Steakhouse
1859,Frackeltons
1860,Couloir
1861,Il Villaggio Osteria
1862,Trio An American Bistro
1863,Silver Dollar Grill
1864,The White Buffalo Club
1865,Q Roadhouse
1866,Westbank Grill @ Four Seasons Jackson Hole
1867,The Prime Rib Restaurant & Wine Cellar
1868,Snake River Grill
1869,Cafe Genevieve
1870,Mural Room - Grand Teton Lodging Company
1871,Local Restaurant and Bar
1872,Nikai Sushi
1873,Jordan's Western Dining
1874,Haydens Post
1875,Cole Creek Bar & Grill
1876,Cowfish
1877,8th Street at the Ivy
1878,The Granary Restaurant
1879,The Indian
1880,Teton Pines Restaurant
1881,Million Dollar Cowboy Steakhouse
1882,The Kitchen
1883,Nani's Ristorante & Bar
1884,Club 27
1885,Raintree Restaurant
1886,Poppy's Italiano
1887,Marker 32
1888,Kazu Japanese Restaurant
1889,Horizons
1890,Ocean 60
1891,Bistro Aix
1892,Cantina Laredo - Jacksonville
1893,Azurea at One Ocean
1894,Restaurant Orsay
1895,North Beach Fish Camp
1896,Old City House
1897,David's Restaurant & Lounge
1898,La Mancha
1899,Cellar 6
1900,J. Alexander's - Jacksonville
1901,801 Chophouse Leawood
1902,EBT Restaurant
1903,Zocalo Mexican Cuisine & Tequileria
1904,Real Jalisco - Northland
1905,Gaslight Grill
1906,Johnny Cascone's
1907,Vinotopia Restaurant and Bar
1908,Morton's Grille - Kansas City
1909,Grand Street Cafe
1910,Bad Art Bistro
1911,TEN at the Eldridge
1912,Johnny's Italian Steakhouse - Olathe
1913,Paradise Diner
1914,Sushi House
1915,Blue Bird Bistro
1916,Webster House
1917,Pig & Finch Gastropub
1918,Newport Grill - OP
1919,Eighty Eight @ The Elms
1920,Nara Kansas City
1921,801 Fish - Leawood
1922,Elements
1923,Real Jalisco - Blue Springs
1924,Drunken Fish - Leawood
1925,Woodfire Grille
1926,Sullivan's Steakhouse - Leawood
1927,The Burg & Barrel
1928,Cafe Verona
1929,Fridas Contemporary Mexican
1930,RA Sushi Bar Restaurant - Leawood
1931,Affäre
1932,4 Olives Restaurant
1933,The Jacobson
1934,Coal Vines
1935,Story
1936,Collection
1937,Louie's Wine Dive - Kansas City
1938,Gram & Dun
1939,Siena Tuscan Steakhouse - Ambassador Hotel
1940,Jax Fish House-Kansas City
1941,Golden Ox
1942,The Classic Cup
1943,Seasons 52 - Kansas City
1944,Rosso @ Hotel Sorella Country Club Plaza
1945,Wine Dive
1946,Carma
1947,Rye
1948,Broadmoor Bistro - Broadmoor Technical Center
1949,The Westside Local
1950,An Urban Table
1951,Buca di Beppo - Kansas City
1952,The Drop
1953,Anthony's Restaurant
1954,Pachamama's
1955,Tannin Wine Bar and Kitchen
1956,Newport Grill
1957,Harry's Restaurant
1958,Julian
1959,Tucson's Steakhouse
1960,The Dubliner
1961,Michael Forbes Bar & Grille
1962,Renee Kelly's Harvest
1963,della Voce
1964,The Broadway Jazz Club
1965,Café Sebastienne
1966,Dodge House Restaurant
1967,Carmen's Cafe - Brookside
1968,Café Trio
1969,Room 39 - Leawood
1970,715
1971,Five21 - The Oread Hotel
1972,Aixois French Restaurant & Coffee Bar
1973,Kona Grill - Kansas City
1974,Accurso's Italian Restaurant
1975,The Summit Grill
1976,Genovese
1977,La Bodega - Leawood
1978,Remedy Food + Drink
1979,Tavern In The Village
1980,The Rieger Hotel Grill and Exchange
1981,Renaissance Cafe
1982,Ophelia's Restaurant
1983,12 Baltimore
1984,The Farmhouse - Kansas City
1985,Drunken Fish - Power & Light District
1986,Tavern at Mission Farms
1987,Cascone's
1988,Hereford House - Wichita
1989,Westport Cafe & Bar
1990,OP 1906
1991,NoRTH - Kansas City
1992,Prime Steakhouse
1993,Southernmost Beach Cafe
1994,Thai Life Floating Restaurant
1995,Azur
1996,Sarabeth's
1997,One Duval - Pier House Resort & Spa
1998,Bagatelle
1999,Strip House Key West
2000,La Trattoria Old Town
2001,Alma at Hawk's Cay
2002,Benihana - Key West
2003,Latitudes
2004,Hot Tin Roof
2005,La Te Da
2006,Michaels Restaurant
2007,Cafe Sole - Key West
2008,Shor Seafood at the Hyatt Resort & Spa
2009,La Trattoria Oceanside
2010,Atlantic's Edge
2011,Square One Restaurant
2012,Firefly
2013,Martin's
2014,A&B Lobster House
2015,OCEAN - Hawks Cay Resort
2016,Santiago's Bodega
2017,Limoncello
2018,lush
2019,Antonia's
2020,DiGiorgio's Cafe Largo
2021,Bistro 245
2022,2 Cents
2023,Banana Cafe
2024,Nine One Five
2025,Tavern N' Town- Marriott Key West
2026,Savannah Grille
2027,HK's Restaurant & Bar - The Lodge of Four Seasons
2028,JJ's at the Copper Pot
2029,J. Bruner's
2030,Michael's Steak Chalet
2031,Trophy Room at Old Kinderhook
2032,JB Hooks
2033,Baxter's Lakeside Grille
2034,Yong Kang Street
2035,Joel Robuchon - MGM Grand
2036,Anthony's Prime Steak & Seafood
2037,Center Cut Steakhouse - Flamingo Las Vegas
2038,Phil’s Italian Steak House
2039,Social House
2040,BARMASA - Aria
2041,Made.LV
2042,The Griddle Café - SLS Las Vegas
2043,Ruth's Chris Steak House - Harrah's Las Vegas
2044,Lupo by Wolfgang
2045,Canonita
2046,Wine 5 Cafe
2047,McCormick & Schmick's Seafood - Las Vegas
2048,Morels Steakhouse & Bistro - Las Vegas
2049,Pearl - MGM Grand
2050,Mon Ami Gabi - Las Vegas - Main Dining Room
2051,DB Brasserie - The Venetian
2052,Chayo Mexican Kitchen + Tequila Bar
2053,Hofbrauhaus - Las Vegas
2054,McCall’s Heartland Grill – Stratosphere Hotel
2055,Beach Cafe - Tropicana Las Vegas
2056,Fogo de Chao Brazilian Steakhouse - Las Vegas
2057,SEA Vegas: The Thai Experience
2058,Giada - The Cromwell
2059,Gordon Biersch - Las Vegas
2060,Prime - Bellagio Hotel
2061,Picasso - Bellagio
2062,El Dorado Cantina
2063,Smith & Wollensky Steakhouse - Las Vegas
2064,Pizza Rock - Downtown
2065,Battista's Hole in the Wall
2066,Gallagher's Steakhouse
2067,Todd's Unique Dining
2068,Embers Grille and Spirits
2069,Fu
2070,Hugo's Cellar - Four Queens
2071,Lakeside - Wynn Las Vegas
2072,Fleur by Hubert Keller - Las Vegas
2073,Trevi
2074,Double Barrel - Monte Carlo
2075,TENDER steak & seafood - Luxor
2076,Terra Rossa - Red Rock Casino Resort & Spa
2077,Bootlegger Bistro
2078,Ventano
2079,Big Al's Oyster Bar @ The Orleans
2080,Lao Sze Chuan - Las Vegas
2081,Maggiano's - Las Vegas
2082,Vintner Grill
2083,Cabo Wabo Cantina Las Vegas
2084,Cili
2085,Triple George Grill
2086,Lawry's The Prime Rib - Las Vegas
2087,Marche Bacchus
2088,Naked City Pizza
2089,Jayde Fuzion
2090,Gangnam Asian BBQ Dining
2091,Sensi - Bellagio
2092,Salvatore's Ristorante Italiano
2093,Osaka Japanese Cuisine
2094,Fellini's Ristorante
2095,Oscar's Steakhouse at the Plaza Hotel & Casino
2096,Yellowtail - Bellagio Hotel
2097,Second Street Grill
2098,Shizen at the JW Marriott Resort & Spa
2099,The Pub - Monte Carlo
2100,Lavo
2101,Crush - MGM Grand
2102,Ichabod's Lounge
2103,Honey Salt
2104,Chicago Joe's
2105,Sage - Aria
2106,Tuscany Gardens - Tuscany Suites & Casino
2107,Stack - The Mirage
2108,Park On Fremont
2109,The D Grill
2110,Aureole - Las Vegas
2111,Paymon's Mediterranean Cafe - W. Sahara
2112,Michoacan Gourmet Mexican Restaurant
2113,Willy & Jose's Cantina @ Sam's Town Casino
2114,Biscayne - Tropicana Las Vegas
2115,Spago - Las Vegas
2116,Julian Serrano - Aria
2117,Pasta Pirate
2118,Culinary Dropout
2119,Billy Bob's Steak House & Saloon
2120,Dal Toro
2121,Opus Too
2122,Toby Keith's - Harrah's Las Vegas
2123,Five50 - Aria
2124,ZINE Noodles Dim Sum
2125,Dragon Noodle Co. - Monte Carlo
2126,Annie's Gourmet Italian - Henderson
2127,Origin India Las Vegas
2128,Stewart + Ogden Diner Bistro
2129,Flour and Barley
2130,Rice & Company - Luxor
2131,Sugar Factory American Brasserie - Town Square
2132,Casa Serrano
2133,La Cave - Wynn Las Vegas
2134,Gina's Bistro
2135,Buddy V's at The Venetian
2136,Pink Taco @ Hard Rock Hotel & Casino
2137,CRAVE - Summerlin
2138,Pizza Lounge - Las Vegas
2139,The Bistro
2140,Dom DeMarco's Pizzeria and Bar
2141,The Steakhouse at Camelot - Excalibur
2142,PBR Rock Bar & Grill
2143,Ricardo's
2144,Mint Indian Bistro
2145,Kabuki Japanese Restaurant - Las Vegas
2146,Casa di Amore
2147,Central Park Fusion
2148,Table 28 - Best West Governors Suites - Little Rock
2149,Brave New Restaurant
2150,Benihana - North Little Rock
2151,South on Main
2152,SO Restaurant
2153,Vesuvio Bistro
2154,LIVELLO at L'Ermitage
2155,Coco Palm
2156,L'Opera
2157,230 Forest Avenue
2158,Hama Sushi
2159,Badmaash
2160,Il Segreto
2161,Park Ave
2162,Hakkasan - Beverly Hills
2163,Beso
2164,Nikita Malibu
2165,Q
2166,Maria's Italian Kitchen - Downtown
2167,Finn McCools
2168,Provenance
2169,Grand Garden China Bistro
2170,Delancey
2171,Chalet Edelweiss
2172,Murph's
2173,Red Hill Restaurant
2174,UPSTAIRS 2
2175,VUE
2176,littlefork
2177,Drago Centro
2178,South End
2179,BLD
2180,Bashan
2181,Craft Los Angeles
2182,Union
2183,Engine Co. No. 28
2184,Splashes at Surf & Sand Resort
2185,Rustic Canyon Wine Bar
2186,BIN189
2187,O'Neill's Bar & Grill
2188,The Sky Room
2189,RED
2190,Altaeats
2191,Kravings
2192,The Penthouse Restaurant
2193,Piccolo Venice
2194,West at Hotel Angeleno
2195,Ports O Call
2196,Playground
2197,Spaggi's
2198,Pistola
2199,Andrei's
2200,Mizuki
2201,Manhattan Steak and Seafood
2202,Ba Restaurant
2203,Buca di Beppo - Pasadena
2204,Nieuport 17
2205,Plate 38
2206,38 Degrees Ale House and Grill
2207,Picante Latin Fusion Restaurant
2208,Chaya Venice
2209,Mo-Chica
2210,Chez Melange
2211,Kincaid's - Redondo
2212,Miceli's - Hollywood
2213,Le Sanglier
2214,Simon's Café
